[
{
  "model": "projects.webpage",
  "pk": 1,
  "fields": {
    "web_page": "index",
    "title": "Luis Briones",
    "description": "Backend Developer",
    "is_menu_item": false
  }
},
{
  "model": "projects.webpage",
  "pk": 2,
  "fields": {
    "web_page": "skills",
    "title": "Skills Set",
    "description": "",
    "is_menu_item": false
  }
},
{
  "model": "projects.webpage",
  "pk": 3,
  "fields": {
    "web_page": "resume",
    "title": "Resume",
    "description": "<h2>EXPERIENCIE</h2>\r\n<p><strong>Backend Developer</strong>, <em>Clan ArgA</em></p>\r\n<h6>June 2020 &ndash; Present</h6>\r\n<ul>\r\n<li>Development of a framework to maintain a standard common for non-programmer game editors.</li>\r\n<li>Development of an administrative management system in the cloud for the comprehensive operation of <a href=\"https://en.wikipedia.org/wiki/MilSim\">MilSim</a> community.</li>\r\n</ul>\r\n<p><strong>Full Stack Developer</strong>, <em>Club de Planeadores General Roca</em></p>\r\n<h6>March 2012 &ndash; Present</h6>\r\n<p>Development of an administrative management system in the cloud for the comprehensive operation of Aircraft and Glider flight clubs.</p>\r\n<ul>\r\n<li><strong>v 3.0</strong>:&nbsp;Migration to the Django framework. Work in progress.</li>\r\n<li><strong>v 2.0</strong>: Double-entry bookkeeping. Responsive design.</li>\r\n<li><strong>v 1.0</strong>: Basic administration functions.</li>\r\n</ul>\r\n<p><strong>Co - Owner &amp; Backend Developer</strong>, <em>Soft </em><em>Patag&oacute;nico</em></p>\r\n<h6>May 2005 &ndash; July 2013</h6>\r\n<ul>\r\n<li>ModBus to Davis Wheater Station bridge using Rabbit 2000 micro controller.</li>\r\n<li>Firmware Ethernet to RS232 bridge using Rabbit 2000 micro controller</li>\r\n<li>Ethernet to RS232 software bridge</li>\r\n</ul>\r\n<p><strong>Backend developer</strong></p>\r\n<h6>March 1984 &ndash; Present</h6>\r\n<p>Civil Engineer Software for myself.</p>\r\n<h2>EXTRA-CURRICULAR ACTIVITIES</h2>\r\n<p><strong>DevOps Engineer</strong>, <em>Clan ArgA</em></p>\r\n<h6>December 2018 &ndash; Present</h6>\r\n<ul>\r\n<li>Server admin and databases management.</li>\r\n<li>Implementation of a monitoring tools on Docker.</li>\r\n<li>Isolates services philosophy using docker, migrating old services to this new standard.</li>\r\n</ul>\r\n<h2>EDUCATION</h2>\r\n<p><strong>Civil Engineer</strong>, <em>Universidad Nacional del Sur</em></p>\r\n<h6>February 1983 &ndash; October 1990</h6>\r\n<p>Six years degree, equivalent BE (Bachelor Engineer) plus ME (Master Engineer) in some European countries.</p>",
    "is_menu_item": true
  }
},
{
  "model": "projects.webpage",
  "pk": 4,
  "fields": {
    "web_page": "presentation",
    "title": "Cover Letter",
    "description": "<p>Lorem ipsum dolor sit amet, consectetur adipiscing elit. Vestibulum dictum aliquet porttitor. Etiam posuere odio ut ornare pellentesque. Nunc pharetra eu purus non luctus. Duis eget arcu eros.</p>",
    "is_menu_item": true
  }
},
{
  "model": "projects.project",
  "pk": 1,
  "fields": {
    "title": "Django Personal Portfolio",
    "summary": "<p>Show developer's portfolio.</p>",
    "description": "<p>This application show a personal portfolio of a developer, where their work, their knowledge and skills can be exposed.</p>\r\n<p>Have 3 fixed pages. A configurable home or index page, a Portfolio Page where the different projects are shown and a Skill Set Page where the different skills or knowledge are displayed. All pages are configurable by the administrator and saved in the database.</p>\r\n<p>In addition, extra pages can be created dynamically from the administration panel. Those extra page also are saved in the database.</p>",
    "technology": "Django, Python",
    "image_path": "django-portfolio_k0Nl2jC.jpg",
    "start_date": "2020-12-28",
    "finish_date": "2021-01-07"
  }
},
{
  "model": "projects.project",
  "pk": 2,
  "fields": {
    "title": "Dashboard ArgA",
    "summary": "<p>Administrative management system</p>",
    "description": "<p>Development of an administrative management system in the cloud for the comprehensive operation of 55+ members of MilSim community.</p>",
    "technology": "Odoo, Postgres, Python, Peewee, MySQL",
    "image_path": "Panel.jpg",
    "start_date": "2020-06-03",
    "finish_date": null
  }
},
{
  "model": "projects.project",
  "pk": 3,
  "fields": {
    "title": "Arma 3 Framework",
    "summary": "<p>Arma 3 Framework for ArgA MilSim Community.</p>",
    "description": "<p>Development of a framework to maintain a standard common in a MilSim community of more than 55 members and 10 non-programmer game editors.</p>",
    "technology": "SQF, MySQL, Python",
    "image_path": "template.jpg",
    "start_date": "2020-06-11",
    "finish_date": null
  }
},
{
  "model": "projects.project",
  "pk": 4,
  "fields": {
    "title": "DevOps ArgA Server",
    "summary": "<p>Server admin. Migrate services to microservices using Docker</p>",
    "description": "<ul>\r\n<li>Server admin and databases management.</li>\r\n<li>Implementation of a monitoring tools on Docker.</li>\r\n<li>Isolates services philosophy using docker, migrating old services to this new standard.</li>\r\n</ul>",
    "technology": "Linux, Docker, Docker-Compose, Traefik, Prometheus, Grafana, Odoo",
    "image_path": "DevOps_G0x7AoQ.jpg",
    "start_date": "2018-12-03",
    "finish_date": null
  }
},
{
  "model": "projects.project",
  "pk": 5,
  "fields": {
    "title": "Civil Engineer Software",
    "summary": "<p>Development of my own software</p>",
    "description": "<p>Development of applications for the automation of procedures and calculations typical of the Civil Engineering profession</p>",
    "technology": "C, MS-DOS, Windows",
    "image_path": "ms-dos_KY9Bh9b.jpg",
    "start_date": "1984-06-01",
    "finish_date": null
  }
},
{
  "model": "projects.project",
  "pk": 6,
  "fields": {
    "title": "Ethernet to RS232 software bridge",
    "summary": "<p>Internet bridge between Davis weather stations and Davis software.&nbsp;</p>",
    "description": "<p>Development of software under Windows that allows Davis weather stations to be connected via internet with its control program. Davis program only allowed connection with the meteorological center using RS232 protocol</p>",
    "technology": "C, Windows",
    "image_path": "WDN232-2.jpg",
    "start_date": "2005-05-01",
    "finish_date": "2007-03-15"
  }
},
{
  "model": "projects.project",
  "pk": 7,
  "fields": {
    "title": "Ethernet to RS232 bridge firmware",
    "summary": "<p>Ethernet to RS232 bridge using Rabbit 2000 micro controller</p>",
    "description": "<p>Implementation of different versions from single bridge to automatic collection of data from the central at configurable intervals and its subsequent upload to a web server.</p>",
    "technology": "C,  Rabbit 2000 micro controller",
    "image_path": "WDN232-3.jpg",
    "start_date": "2007-07-02",
    "finish_date": "2013-07-31"
  }
},
{
  "model": "projects.project",
  "pk": 8,
  "fields": {
    "title": "ModBus to Davis Wheater Station bridge",
    "summary": "<p>Connecting a Davis Weather Station to SCADA network.</p>",
    "description": "<p>Automatic data collection from Davis Weather Station, transformation to ModBus protocol over a SCADA network.</p>",
    "technology": "C, Rabbit 2000 micro controller",
    "image_path": "pe232_ei39h3z.jpg",
    "start_date": "2009-09-07",
    "finish_date": "2013-07-31"
  }
},
{
  "model": "projects.project",
  "pk": 9,
  "fields": {
    "title": "Club Administrative System v1.0",
    "summary": "<p>Administrative system for Aircraft and Glider flight clubs</p>",
    "description": "<p>Basic functionalities of a administrative management system in the cloud for the comprehensive operation of Aircraft and Glider flight clubs.</p>",
    "technology": "PHP, CakePHP v2.4, MySQL",
    "image_path": "v1.jpg",
    "start_date": "2012-05-14",
    "finish_date": "2014-04-25"
  }
},
{
  "model": "projects.project",
  "pk": 10,
  "fields": {
    "title": "Club Administrative System v2.0",
    "summary": "<p>Double-entry bookkeeping. Responsive design.</p>",
    "description": "<p>Double-entry bookkeeping. Responsive design. Added administration functionalities. Improved statistics.</p>",
    "technology": "PHP, CakePHP v2.4, MySQL, JavaScript, JQuery, Ajax",
    "image_path": "V2.jpg",
    "start_date": "2014-05-01",
    "finish_date": "2016-09-30"
  }
},
{
  "model": "projects.project",
  "pk": 11,
  "fields": {
    "title": "Club Administrative System v3.0",
    "summary": "<p>Migration to Django framework</p>",
    "description": "<p>Starting migration to Django framework</p>",
    "technology": "Django, Python",
    "image_path": "V3_kLeVgXW.jpg",
    "start_date": "2020-11-02",
    "finish_date": null
  }
},
{
  "model": "projects.skill",
  "pk": 1,
  "fields": {
    "title": "Python",
    "description": "",
    "order": 570
  }
},
{
  "model": "projects.skill",
  "pk": 2,
  "fields": {
    "title": "Django",
    "description": "",
    "order": 560
  }
},
{
  "model": "projects.skill",
  "pk": 3,
  "fields": {
    "title": "GIT/GitHub",
    "description": "",
    "order": 550
  }
},
{
  "model": "projects.skill",
  "pk": 4,
  "fields": {
    "title": "Docker",
    "description": "",
    "order": 555
  }
},
{
  "model": "projects.skill",
  "pk": 5,
  "fields": {
    "title": "MySQL",
    "description": "",
    "order": 540
  }
},
{
  "model": "projects.skill",
  "pk": 6,
  "fields": {
    "title": "HTML",
    "description": "",
    "order": 530
  }
},
{
  "model": "projects.skill",
  "pk": 7,
  "fields": {
    "title": "Bootstrap",
    "description": "",
    "order": 520
  }
},
{
  "model": "projects.skill",
  "pk": 8,
  "fields": {
    "title": "JavaScript",
    "description": "",
    "order": 510
  }
},
{
  "model": "projects.skill",
  "pk": 9,
  "fields": {
    "title": "JQuery",
    "description": "",
    "order": 500
  }
},
{
  "model": "projects.skill",
  "pk": 10,
  "fields": {
    "title": "Axaj",
    "description": "",
    "order": 490
  }
},
{
  "model": "projects.skill",
  "pk": 11,
  "fields": {
    "title": "PHP",
    "description": "",
    "order": 480
  }
},
{
  "model": "projects.skill",
  "pk": 12,
  "fields": {
    "title": "C",
    "description": "",
    "order": 470
  }
},
{
  "model": "projects.skill",
  "pk": 13,
  "fields": {
    "title": "Linux",
    "description": "",
    "order": 460
  }
},
{
  "model": "projects.skill",
  "pk": 14,
  "fields": {
    "title": "CSS",
    "description": "",
    "order": 525
  }
},
{
  "model": "projects.province",
  "pk": 1,
  "fields": {
    "name": "Buenos Aires"
  }
},
{
  "model": "projects.province",
  "pk": 2,
  "fields": {
    "name": "Capital Federal"
  }
},
{
  "model": "projects.province",
  "pk": 3,
  "fields": {
    "name": "Catamarca"
  }
},
{
  "model": "projects.province",
  "pk": 4,
  "fields": {
    "name": "Chaco"
  }
},
{
  "model": "projects.province",
  "pk": 5,
  "fields": {
    "name": "Chubut"
  }
},
{
  "model": "projects.province",
  "pk": 6,
  "fields": {
    "name": "C\u00f3rdoba"
  }
},
{
  "model": "projects.province",
  "pk": 7,
  "fields": {
    "name": "Corrientes"
  }
},
{
  "model": "projects.province",
  "pk": 8,
  "fields": {
    "name": "Entre R\u00edos"
  }
},
{
  "model": "projects.province",
  "pk": 9,
  "fields": {
    "name": "Formosa"
  }
},
{
  "model": "projects.province",
  "pk": 10,
  "fields": {
    "name": "Jujuy"
  }
},
{
  "model": "projects.province",
  "pk": 11,
  "fields": {
    "name": "La Pampa"
  }
},
{
  "model": "projects.province",
  "pk": 12,
  "fields": {
    "name": "La Rioja"
  }
},
{
  "model": "projects.province",
  "pk": 13,
  "fields": {
    "name": "Mendoza"
  }
},
{
  "model": "projects.province",
  "pk": 14,
  "fields": {
    "name": "Misiones"
  }
},
{
  "model": "projects.province",
  "pk": 15,
  "fields": {
    "name": "Neuqu\u00e9n"
  }
},
{
  "model": "projects.province",
  "pk": 16,
  "fields": {
    "name": "R\u00edo Negro"
  }
},
{
  "model": "projects.province",
  "pk": 17,
  "fields": {
    "name": "Salta"
  }
},
{
  "model": "projects.province",
  "pk": 18,
  "fields": {
    "name": "San Juan"
  }
},
{
  "model": "projects.province",
  "pk": 19,
  "fields": {
    "name": "San Luis"
  }
},
{
  "model": "projects.province",
  "pk": 20,
  "fields": {
    "name": "Santa Cruz"
  }
},
{
  "model": "projects.province",
  "pk": 21,
  "fields": {
    "name": "Santa Fe"
  }
},
{
  "model": "projects.province",
  "pk": 22,
  "fields": {
    "name": "Santiago del Estero"
  }
},
{
  "model": "projects.province",
  "pk": 23,
  "fields": {
    "name": "Tierra del Fuego"
  }
},
{
  "model": "projects.province",
  "pk": 24,
  "fields": {
    "name": "Tucum\u00e1n"
  }
},
{
  "model": "projects.city",
  "pk": 1,
  "fields": {
    "name": "9 DE JULIO",
    "zip_code": "6500",
    "province": 1
  }
},
{
  "model": "projects.city",
  "pk": 2,
  "fields": {
    "name": "ALBERTI",
    "zip_code": "6634",
    "province": 1
  }
},
{
  "model": "projects.city",
  "pk": 3,
  "fields": {
    "name": "ARRECIFES",
    "zip_code": "2740",
    "province": 1
  }
},
{
  "model": "projects.city",
  "pk": 4,
  "fields": {
    "name": "AVELLANEDA",
    "zip_code": "1870",
    "province": 1
  }
},
{
  "model": "projects.city",
  "pk": 5,
  "fields": {
    "name": "AYACUCHO",
    "zip_code": "7150",
    "province": 1
  }
},
{
  "model": "projects.city",
  "pk": 6,
  "fields": {
    "name": "AZUL",
    "zip_code": "7300",
    "province": 1
  }
},
{
  "model": "projects.city",
  "pk": 7,
  "fields": {
    "name": "BAHIA BLANCA",
    "zip_code": "8000",
    "province": 1
  }
},
{
  "model": "projects.city",
  "pk": 8,
  "fields": {
    "name": "BALCARCE",
    "zip_code": "7620",
    "province": 1
  }
},
{
  "model": "projects.city",
  "pk": 9,
  "fields": {
    "name": "BARADERO",
    "zip_code": "2942",
    "province": 1
  }
},
{
  "model": "projects.city",
  "pk": 10,
  "fields": {
    "name": "BERISSO",
    "zip_code": "1923",
    "province": 1
  }
},
{
  "model": "projects.city",
  "pk": 11,
  "fields": {
    "name": "BOLIVAR",
    "zip_code": "6550",
    "province": 1
  }
},
{
  "model": "projects.city",
  "pk": 12,
  "fields": {
    "name": "BRAGADO",
    "zip_code": "6640",
    "province": 1
  }
},
{
  "model": "projects.city",
  "pk": 13,
  "fields": {
    "name": "CAMPANA",
    "zip_code": "2804",
    "province": 1
  }
},
{
  "model": "projects.city",
  "pk": 14,
  "fields": {
    "name": "CARHUE",
    "zip_code": "6430",
    "province": 1
  }
},
{
  "model": "projects.city",
  "pk": 15,
  "fields": {
    "name": "CARLOS CASARES",
    "zip_code": "6530",
    "province": 1
  }
},
{
  "model": "projects.city",
  "pk": 16,
  "fields": {
    "name": "CARLOS TEJEDOR",
    "zip_code": "6455",
    "province": 1
  }
},
{
  "model": "projects.city",
  "pk": 17,
  "fields": {
    "name": "CARMEN DE PATAGONES",
    "zip_code": "8504",
    "province": 1
  }
},
{
  "model": "projects.city",
  "pk": 18,
  "fields": {
    "name": "CASTELLI",
    "zip_code": "7114",
    "province": 1
  }
},
{
  "model": "projects.city",
  "pk": 19,
  "fields": {
    "name": "CHACABUCO",
    "zip_code": "6740",
    "province": 1
  }
},
{
  "model": "projects.city",
  "pk": 20,
  "fields": {
    "name": "CHASCOMUS",
    "zip_code": "7130",
    "province": 1
  }
},
{
  "model": "projects.city",
  "pk": 21,
  "fields": {
    "name": "CORONEL DORREGO",
    "zip_code": "8150",
    "province": 1
  }
},
{
  "model": "projects.city",
  "pk": 22,
  "fields": {
    "name": "CORONEL PRINGLES",
    "zip_code": "7530",
    "province": 1
  }
},
{
  "model": "projects.city",
  "pk": 23,
  "fields": {
    "name": "CORONEL SUAREZ",
    "zip_code": "7540",
    "province": 1
  }
},
{
  "model": "projects.city",
  "pk": 24,
  "fields": {
    "name": "CORONEL VIDAL",
    "zip_code": "7174",
    "province": 1
  }
},
{
  "model": "projects.city",
  "pk": 25,
  "fields": {
    "name": "DOLORES",
    "zip_code": "7100",
    "province": 1
  }
},
{
  "model": "projects.city",
  "pk": 26,
  "fields": {
    "name": "ENSENADA",
    "zip_code": "1925",
    "province": 1
  }
},
{
  "model": "projects.city",
  "pk": 27,
  "fields": {
    "name": "GENERAL BELGRANO",
    "zip_code": "7223",
    "province": 1
  }
},
{
  "model": "projects.city",
  "pk": 28,
  "fields": {
    "name": "GENERAL GUIDO",
    "zip_code": "7118",
    "province": 1
  }
},
{
  "model": "projects.city",
  "pk": 29,
  "fields": {
    "name": "GENERAL PINTO",
    "zip_code": "6050",
    "province": 1
  }
},
{
  "model": "projects.city",
  "pk": 30,
  "fields": {
    "name": "GENERAL VIAMONTE",
    "zip_code": "6015",
    "province": 1
  }
},
{
  "model": "projects.city",
  "pk": 31,
  "fields": {
    "name": "GENERAL VILLEGAS",
    "zip_code": "6230",
    "province": 1
  }
},
{
  "model": "projects.city",
  "pk": 32,
  "fields": {
    "name": "GUAMINI",
    "zip_code": "6435",
    "province": 1
  }
},
{
  "model": "projects.city",
  "pk": 33,
  "fields": {
    "name": "HENDERSON",
    "zip_code": "6465",
    "province": 1
  }
},
{
  "model": "projects.city",
  "pk": 34,
  "fields": {
    "name": "JUAN BAUTISTA ALBERDI",
    "zip_code": "6034",
    "province": 1
  }
},
{
  "model": "projects.city",
  "pk": 35,
  "fields": {
    "name": "JUNIN",
    "zip_code": "6000",
    "province": 1
  }
},
{
  "model": "projects.city",
  "pk": 36,
  "fields": {
    "name": "LA PLATA",
    "zip_code": "1900",
    "province": 1
  }
},
{
  "model": "projects.city",
  "pk": 37,
  "fields": {
    "name": "LANUS",
    "zip_code": "1824",
    "province": 1
  }
},
{
  "model": "projects.city",
  "pk": 38,
  "fields": {
    "name": "LAPRIDA",
    "zip_code": "7414",
    "province": 1
  }
},
{
  "model": "projects.city",
  "pk": 39,
  "fields": {
    "name": "LAS FLORES",
    "zip_code": "7200",
    "province": 1
  }
},
{
  "model": "projects.city",
  "pk": 40,
  "fields": {
    "name": "LOBERIA",
    "zip_code": "7635",
    "province": 1
  }
},
{
  "model": "projects.city",
  "pk": 41,
  "fields": {
    "name": "LOBOS",
    "zip_code": "7240",
    "province": 1
  }
},
{
  "model": "projects.city",
  "pk": 42,
  "fields": {
    "name": "LOMAS DE ZAMORA",
    "zip_code": "1832",
    "province": 1
  }
},
{
  "model": "projects.city",
  "pk": 43,
  "fields": {
    "name": "LOS TOLDOS",
    "zip_code": "6015",
    "province": 1
  }
},
{
  "model": "projects.city",
  "pk": 44,
  "fields": {
    "name": "LUJAN",
    "zip_code": "6700",
    "province": 1
  }
},
{
  "model": "projects.city",
  "pk": 45,
  "fields": {
    "name": "MAGDALENA",
    "zip_code": "1913",
    "province": 1
  }
},
{
  "model": "projects.city",
  "pk": 46,
  "fields": {
    "name": "MAIPU",
    "zip_code": "7160",
    "province": 1
  }
},
{
  "model": "projects.city",
  "pk": 47,
  "fields": {
    "name": "MAR DEL PLATA",
    "zip_code": "7600",
    "province": 1
  }
},
{
  "model": "projects.city",
  "pk": 48,
  "fields": {
    "name": "MORON",
    "zip_code": "1708",
    "province": 1
  }
},
{
  "model": "projects.city",
  "pk": 49,
  "fields": {
    "name": "NECOCHEA",
    "zip_code": "7630",
    "province": 1
  }
},
{
  "model": "projects.city",
  "pk": 50,
  "fields": {
    "name": "OLASCOAGA",
    "zip_code": "6652",
    "province": 1
  }
},
{
  "model": "projects.city",
  "pk": 51,
  "fields": {
    "name": "OLAVARRIA",
    "zip_code": "7400",
    "province": 1
  }
},
{
  "model": "projects.city",
  "pk": 52,
  "fields": {
    "name": "ORIENTE",
    "zip_code": "7509",
    "province": 1
  }
},
{
  "model": "projects.city",
  "pk": 53,
  "fields": {
    "name": "PEHUAJO",
    "zip_code": "6450",
    "province": 1
  }
},
{
  "model": "projects.city",
  "pk": 54,
  "fields": {
    "name": "PERGAMINO",
    "zip_code": "2700",
    "province": 1
  }
},
{
  "model": "projects.city",
  "pk": 55,
  "fields": {
    "name": "PIGUE",
    "zip_code": "8170",
    "province": 1
  }
},
{
  "model": "projects.city",
  "pk": 56,
  "fields": {
    "name": "PUAN",
    "zip_code": "8180",
    "province": 1
  }
},
{
  "model": "projects.city",
  "pk": 57,
  "fields": {
    "name": "PUNTA ALTA",
    "zip_code": "8109",
    "province": 1
  }
},
{
  "model": "projects.city",
  "pk": 58,
  "fields": {
    "name": "QUEQUEN",
    "zip_code": "7631",
    "province": 1
  }
},
{
  "model": "projects.city",
  "pk": 59,
  "fields": {
    "name": "QUILMES",
    "zip_code": "1878",
    "province": 1
  }
},
{
  "model": "projects.city",
  "pk": 60,
  "fields": {
    "name": "RAUCH",
    "zip_code": "7203",
    "province": 1
  }
},
{
  "model": "projects.city",
  "pk": 61,
  "fields": {
    "name": "RIVERA",
    "zip_code": "6441",
    "province": 1
  }
},
{
  "model": "projects.city",
  "pk": 62,
  "fields": {
    "name": "ROJAS",
    "zip_code": "2705",
    "province": 1
  }
},
{
  "model": "projects.city",
  "pk": 63,
  "fields": {
    "name": "ROQUE PEREZ",
    "zip_code": "7245",
    "province": 1
  }
},
{
  "model": "projects.city",
  "pk": 64,
  "fields": {
    "name": "SALTO",
    "zip_code": "2741",
    "province": 1
  }
},
{
  "model": "projects.city",
  "pk": 65,
  "fields": {
    "name": "SAN NICOLAS DE LOS ARROYOS",
    "zip_code": "2900",
    "province": 1
  }
},
{
  "model": "projects.city",
  "pk": 66,
  "fields": {
    "name": "SAN PEDRO",
    "zip_code": "2930",
    "province": 1
  }
},
{
  "model": "projects.city",
  "pk": 67,
  "fields": {
    "name": "TANDIL",
    "zip_code": "7000",
    "province": 1
  }
},
{
  "model": "projects.city",
  "pk": 68,
  "fields": {
    "name": "TORNQUIST",
    "zip_code": "8160",
    "province": 1
  }
},
{
  "model": "projects.city",
  "pk": 69,
  "fields": {
    "name": "TRENQUE LAUQUEN",
    "zip_code": "6400",
    "province": 1
  }
},
{
  "model": "projects.city",
  "pk": 70,
  "fields": {
    "name": "TRES LOMAS",
    "zip_code": "6409",
    "province": 1
  }
},
{
  "model": "projects.city",
  "pk": 71,
  "fields": {
    "name": "VEDIA",
    "zip_code": "6030",
    "province": 1
  }
},
{
  "model": "projects.city",
  "pk": 72,
  "fields": {
    "name": "VILLA IRIS",
    "zip_code": "8126",
    "province": 1
  }
},
{
  "model": "projects.city",
  "pk": 73,
  "fields": {
    "name": "ZARATE",
    "zip_code": "2800",
    "province": 1
  }
},
{
  "model": "projects.city",
  "pk": 74,
  "fields": {
    "name": "AGUAS CALIENTES",
    "zip_code": "4751",
    "province": 3
  }
},
{
  "model": "projects.city",
  "pk": 75,
  "fields": {
    "name": "ANDALGALA",
    "zip_code": "4740",
    "province": 3
  }
},
{
  "model": "projects.city",
  "pk": 76,
  "fields": {
    "name": "ANTOFAGASTA DE LA SIERRA",
    "zip_code": "4705",
    "province": 3
  }
},
{
  "model": "projects.city",
  "pk": 77,
  "fields": {
    "name": "BELEN",
    "zip_code": "4750",
    "province": 3
  }
},
{
  "model": "projects.city",
  "pk": 78,
  "fields": {
    "name": "CHUMBICHA",
    "zip_code": "4728",
    "province": 3
  }
},
{
  "model": "projects.city",
  "pk": 79,
  "fields": {
    "name": "EL MILAGRO",
    "zip_code": "4726",
    "province": 3
  }
},
{
  "model": "projects.city",
  "pk": 80,
  "fields": {
    "name": "FIAMBALA",
    "zip_code": "5345",
    "province": 3
  }
},
{
  "model": "projects.city",
  "pk": 81,
  "fields": {
    "name": "JESUS MARIA",
    "zip_code": "5264",
    "province": 3
  }
},
{
  "model": "projects.city",
  "pk": 82,
  "fields": {
    "name": "LONDRES",
    "zip_code": "4753",
    "province": 3
  }
},
{
  "model": "projects.city",
  "pk": 83,
  "fields": {
    "name": "RECREO",
    "zip_code": "5260",
    "province": 3
  }
},
{
  "model": "projects.city",
  "pk": 84,
  "fields": {
    "name": "SANTA MARIA",
    "zip_code": "4139",
    "province": 3
  }
},
{
  "model": "projects.city",
  "pk": 85,
  "fields": {
    "name": "AVIA TERAI",
    "zip_code": "3706",
    "province": 4
  }
},
{
  "model": "projects.city",
  "pk": 86,
  "fields": {
    "name": "BARRANQUERAS",
    "zip_code": "3503",
    "province": 4
  }
},
{
  "model": "projects.city",
  "pk": 87,
  "fields": {
    "name": "CHARADAI",
    "zip_code": "3513",
    "province": 4
  }
},
{
  "model": "projects.city",
  "pk": 88,
  "fields": {
    "name": "CHARATA",
    "zip_code": "3730",
    "province": 4
  }
},
{
  "model": "projects.city",
  "pk": 89,
  "fields": {
    "name": "GENERAL PINEDO",
    "zip_code": "3732",
    "province": 4
  }
},
{
  "model": "projects.city",
  "pk": 90,
  "fields": {
    "name": "JUAN JOSE CASTELLI",
    "zip_code": "3705",
    "province": 4
  }
},
{
  "model": "projects.city",
  "pk": 91,
  "fields": {
    "name": "LAGUNA LIMPIA",
    "zip_code": "3515",
    "province": 4
  }
},
{
  "model": "projects.city",
  "pk": 92,
  "fields": {
    "name": "LAS PALMAS",
    "zip_code": "3518",
    "province": 4
  }
},
{
  "model": "projects.city",
  "pk": 93,
  "fields": {
    "name": "MACHAGAI",
    "zip_code": "3534",
    "province": 4
  }
},
{
  "model": "projects.city",
  "pk": 94,
  "fields": {
    "name": "PUERTO BERMEJO",
    "zip_code": "3524",
    "province": 4
  }
},
{
  "model": "projects.city",
  "pk": 95,
  "fields": {
    "name": "QUITILIPI",
    "zip_code": "3530",
    "province": 4
  }
},
{
  "model": "projects.city",
  "pk": 96,
  "fields": {
    "name": "RESISTENCIA",
    "zip_code": "3500",
    "province": 4
  }
},
{
  "model": "projects.city",
  "pk": 97,
  "fields": {
    "name": "SANTA SYLVINA",
    "zip_code": "3541",
    "province": 4
  }
},
{
  "model": "projects.city",
  "pk": 98,
  "fields": {
    "name": "VILLA ANGELA",
    "zip_code": "3540",
    "province": 4
  }
},
{
  "model": "projects.city",
  "pk": 99,
  "fields": {
    "name": "CAMARONES",
    "zip_code": "9111",
    "province": 5
  }
},
{
  "model": "projects.city",
  "pk": 100,
  "fields": {
    "name": "COMODORO RIVADAVIA",
    "zip_code": "9000",
    "province": 5
  }
},
{
  "model": "projects.city",
  "pk": 101,
  "fields": {
    "name": "ESQUEL",
    "zip_code": "9200",
    "province": 5
  }
},
{
  "model": "projects.city",
  "pk": 102,
  "fields": {
    "name": "GASTRE",
    "zip_code": "9121",
    "province": 5
  }
},
{
  "model": "projects.city",
  "pk": 103,
  "fields": {
    "name": "LAS PLUMAS",
    "zip_code": "9101",
    "province": 5
  }
},
{
  "model": "projects.city",
  "pk": 104,
  "fields": {
    "name": "LELEQUE",
    "zip_code": "9213",
    "province": 5
  }
},
{
  "model": "projects.city",
  "pk": 105,
  "fields": {
    "name": "PASO DE INDIOS",
    "zip_code": "9207",
    "province": 5
  }
},
{
  "model": "projects.city",
  "pk": 106,
  "fields": {
    "name": "PUERTO LOBOS",
    "zip_code": "8532",
    "province": 5
  }
},
{
  "model": "projects.city",
  "pk": 107,
  "fields": {
    "name": "PUERTO MADRYN",
    "zip_code": "9120",
    "province": 5
  }
},
{
  "model": "projects.city",
  "pk": 108,
  "fields": {
    "name": "RAWSON",
    "zip_code": "9103",
    "province": 5
  }
},
{
  "model": "projects.city",
  "pk": 109,
  "fields": {
    "name": "ALTA GRACIA",
    "zip_code": "5186",
    "province": 6
  }
},
{
  "model": "projects.city",
  "pk": 110,
  "fields": {
    "name": "BELL VILLE",
    "zip_code": "2550",
    "province": 6
  }
},
{
  "model": "projects.city",
  "pk": 111,
  "fields": {
    "name": "CANALS",
    "zip_code": "2650",
    "province": 6
  }
},
{
  "model": "projects.city",
  "pk": 112,
  "fields": {
    "name": "CORDOBA",
    "zip_code": "5000",
    "province": 6
  }
},
{
  "model": "projects.city",
  "pk": 113,
  "fields": {
    "name": "COSQUIN",
    "zip_code": "5166",
    "province": 6
  }
},
{
  "model": "projects.city",
  "pk": 114,
  "fields": {
    "name": "CRUZ DEL EJE",
    "zip_code": "5280",
    "province": 6
  }
},
{
  "model": "projects.city",
  "pk": 115,
  "fields": {
    "name": "DEAN FUNES",
    "zip_code": "5200",
    "province": 6
  }
},
{
  "model": "projects.city",
  "pk": 116,
  "fields": {
    "name": "GENERAL CABRERA",
    "zip_code": "5809",
    "province": 6
  }
},
{
  "model": "projects.city",
  "pk": 117,
  "fields": {
    "name": "GENERAL ROCA",
    "zip_code": "2592",
    "province": 6
  }
},
{
  "model": "projects.city",
  "pk": 118,
  "fields": {
    "name": "HERNANDO",
    "zip_code": "5929",
    "province": 6
  }
},
{
  "model": "projects.city",
  "pk": 119,
  "fields": {
    "name": "HUINCA RENANCO",
    "zip_code": "6270",
    "province": 6
  }
},
{
  "model": "projects.city",
  "pk": 120,
  "fields": {
    "name": "LA CARLOTA",
    "zip_code": "2670",
    "province": 6
  }
},
{
  "model": "projects.city",
  "pk": 121,
  "fields": {
    "name": "LABOULAYE",
    "zip_code": "6120",
    "province": 6
  }
},
{
  "model": "projects.city",
  "pk": 122,
  "fields": {
    "name": "LAS VARILLAS",
    "zip_code": "5940",
    "province": 6
  }
},
{
  "model": "projects.city",
  "pk": 123,
  "fields": {
    "name": "MORTEROS",
    "zip_code": "2421",
    "province": 6
  }
},
{
  "model": "projects.city",
  "pk": 124,
  "fields": {
    "name": "OLIVA",
    "zip_code": "5980",
    "province": 6
  }
},
{
  "model": "projects.city",
  "pk": 125,
  "fields": {
    "name": "QUILINO",
    "zip_code": "5214",
    "province": 6
  }
},
{
  "model": "projects.city",
  "pk": 126,
  "fields": {
    "name": "RIO SEGUNDO",
    "zip_code": "5960",
    "province": 6
  }
},
{
  "model": "projects.city",
  "pk": 127,
  "fields": {
    "name": "RIO TERCERO",
    "zip_code": "5850",
    "province": 6
  }
},
{
  "model": "projects.city",
  "pk": 128,
  "fields": {
    "name": "SALSACATE",
    "zip_code": "5295",
    "province": 6
  }
},
{
  "model": "projects.city",
  "pk": 129,
  "fields": {
    "name": "SAMPACHO",
    "zip_code": "5829",
    "province": 6
  }
},
{
  "model": "projects.city",
  "pk": 130,
  "fields": {
    "name": "SANTA ROSA DE RIO PRIMERO",
    "zip_code": "5133",
    "province": 6
  }
},
{
  "model": "projects.city",
  "pk": 131,
  "fields": {
    "name": "SERREZUELA",
    "zip_code": "5270",
    "province": 6
  }
},
{
  "model": "projects.city",
  "pk": 132,
  "fields": {
    "name": "VILLA DE MARIA",
    "zip_code": "5248",
    "province": 6
  }
},
{
  "model": "projects.city",
  "pk": 133,
  "fields": {
    "name": "VILLA DOLORES",
    "zip_code": "5870",
    "province": 6
  }
},
{
  "model": "projects.city",
  "pk": 134,
  "fields": {
    "name": "VILLA MARIA",
    "zip_code": "5900",
    "province": 6
  }
},
{
  "model": "projects.city",
  "pk": 135,
  "fields": {
    "name": "AGUAPEY",
    "zip_code": "3306",
    "province": 7
  }
},
{
  "model": "projects.city",
  "pk": 136,
  "fields": {
    "name": "AGUAPEY",
    "zip_code": "3342",
    "province": 7
  }
},
{
  "model": "projects.city",
  "pk": 137,
  "fields": {
    "name": "ALVEAR",
    "zip_code": "3344",
    "province": 7
  }
},
{
  "model": "projects.city",
  "pk": 138,
  "fields": {
    "name": "CORRIENTES",
    "zip_code": "3400",
    "province": 7
  }
},
{
  "model": "projects.city",
  "pk": 139,
  "fields": {
    "name": "CURUZU CUATIA",
    "zip_code": "3460",
    "province": 7
  }
},
{
  "model": "projects.city",
  "pk": 140,
  "fields": {
    "name": "EMPEDRADO",
    "zip_code": "3418",
    "province": 7
  }
},
{
  "model": "projects.city",
  "pk": 141,
  "fields": {
    "name": "ESQUINA",
    "zip_code": "3196",
    "province": 7
  }
},
{
  "model": "projects.city",
  "pk": 142,
  "fields": {
    "name": "GOYA",
    "zip_code": "3450",
    "province": 7
  }
},
{
  "model": "projects.city",
  "pk": 143,
  "fields": {
    "name": "ITATI",
    "zip_code": "3414",
    "province": 7
  }
},
{
  "model": "projects.city",
  "pk": 144,
  "fields": {
    "name": "MONTE CASEROS",
    "zip_code": "3220",
    "province": 7
  }
},
{
  "model": "projects.city",
  "pk": 145,
  "fields": {
    "name": "PASO DE LOS LIBRES",
    "zip_code": "3230",
    "province": 7
  }
},
{
  "model": "projects.city",
  "pk": 146,
  "fields": {
    "name": "SALADAS",
    "zip_code": "3420",
    "province": 7
  }
},
{
  "model": "projects.city",
  "pk": 147,
  "fields": {
    "name": "SANTO TOME",
    "zip_code": "3340",
    "province": 7
  }
},
{
  "model": "projects.city",
  "pk": 148,
  "fields": {
    "name": "SAUCE",
    "zip_code": "3463",
    "province": 7
  }
},
{
  "model": "projects.city",
  "pk": 149,
  "fields": {
    "name": "BOVRIL",
    "zip_code": "3142",
    "province": 8
  }
},
{
  "model": "projects.city",
  "pk": 150,
  "fields": {
    "name": "CHAJARI",
    "zip_code": "3228",
    "province": 8
  }
},
{
  "model": "projects.city",
  "pk": 151,
  "fields": {
    "name": "CONCEPCION DEL URUGUAY",
    "zip_code": "3260",
    "province": 8
  }
},
{
  "model": "projects.city",
  "pk": 152,
  "fields": {
    "name": "CONCORDIA",
    "zip_code": "3200",
    "province": 8
  }
},
{
  "model": "projects.city",
  "pk": 153,
  "fields": {
    "name": "CRESPO",
    "zip_code": "3116",
    "province": 8
  }
},
{
  "model": "projects.city",
  "pk": 154,
  "fields": {
    "name": "DIAMANTE",
    "zip_code": "3105",
    "province": 8
  }
},
{
  "model": "projects.city",
  "pk": 155,
  "fields": {
    "name": "FEDERACION",
    "zip_code": "3206",
    "province": 8
  }
},
{
  "model": "projects.city",
  "pk": 156,
  "fields": {
    "name": "FEDERAL",
    "zip_code": "3180",
    "province": 8
  }
},
{
  "model": "projects.city",
  "pk": 157,
  "fields": {
    "name": "GUALEGUAY",
    "zip_code": "2840",
    "province": 8
  }
},
{
  "model": "projects.city",
  "pk": 158,
  "fields": {
    "name": "GUALEGUAYCHU",
    "zip_code": "2820",
    "province": 8
  }
},
{
  "model": "projects.city",
  "pk": 159,
  "fields": {
    "name": "NOGOYA",
    "zip_code": "3150",
    "province": 8
  }
},
{
  "model": "projects.city",
  "pk": 160,
  "fields": {
    "name": "PARANA",
    "zip_code": "3100",
    "province": 8
  }
},
{
  "model": "projects.city",
  "pk": 161,
  "fields": {
    "name": "ROSARIO DEL TALA",
    "zip_code": "3174",
    "province": 8
  }
},
{
  "model": "projects.city",
  "pk": 162,
  "fields": {
    "name": "SANTA ELENA",
    "zip_code": "3192",
    "province": 8
  }
},
{
  "model": "projects.city",
  "pk": 163,
  "fields": {
    "name": "VILLAGUAY",
    "zip_code": "3240",
    "province": 8
  }
},
{
  "model": "projects.city",
  "pk": 164,
  "fields": {
    "name": "CLORINDA",
    "zip_code": "3610",
    "province": 9
  }
},
{
  "model": "projects.city",
  "pk": 165,
  "fields": {
    "name": "FORMOSA",
    "zip_code": "3600",
    "province": 9
  }
},
{
  "model": "projects.city",
  "pk": 166,
  "fields": {
    "name": "LAS LOMITAS",
    "zip_code": "3630",
    "province": 9
  }
},
{
  "model": "projects.city",
  "pk": 167,
  "fields": {
    "name": "PIRANE",
    "zip_code": "3606",
    "province": 9
  }
},
{
  "model": "projects.city",
  "pk": 168,
  "fields": {
    "name": "HUMAHUACA",
    "zip_code": "4630",
    "province": 10
  }
},
{
  "model": "projects.city",
  "pk": 169,
  "fields": {
    "name": "ITURBE",
    "zip_code": "4632",
    "province": 10
  }
},
{
  "model": "projects.city",
  "pk": 170,
  "fields": {
    "name": "LA QUIACA",
    "zip_code": "4650",
    "province": 10
  }
},
{
  "model": "projects.city",
  "pk": 171,
  "fields": {
    "name": "MINA PIRQUITAS",
    "zip_code": "4643",
    "province": 10
  }
},
{
  "model": "projects.city",
  "pk": 172,
  "fields": {
    "name": "PERICO",
    "zip_code": "4608",
    "province": 10
  }
},
{
  "model": "projects.city",
  "pk": 173,
  "fields": {
    "name": "SAN SALVADOR DE JUJUY",
    "zip_code": "4600",
    "province": 10
  }
},
{
  "model": "projects.city",
  "pk": 174,
  "fields": {
    "name": "TEUCO",
    "zip_code": "4641",
    "province": 10
  }
},
{
  "model": "projects.city",
  "pk": 175,
  "fields": {
    "name": "TUMBAYA",
    "zip_code": "4618",
    "province": 10
  }
},
{
  "model": "projects.city",
  "pk": 176,
  "fields": {
    "name": "CATRILO",
    "zip_code": "6330",
    "province": 11
  }
},
{
  "model": "projects.city",
  "pk": 177,
  "fields": {
    "name": "CHAMAICO",
    "zip_code": "6214",
    "province": 11
  }
},
{
  "model": "projects.city",
  "pk": 178,
  "fields": {
    "name": "DOBLAS",
    "zip_code": "6305",
    "province": 11
  }
},
{
  "model": "projects.city",
  "pk": 179,
  "fields": {
    "name": "EDUARDO CASTEX",
    "zip_code": "6380",
    "province": 11
  }
},
{
  "model": "projects.city",
  "pk": 180,
  "fields": {
    "name": "GENERAL ACHA",
    "zip_code": "8200",
    "province": 11
  }
},
{
  "model": "projects.city",
  "pk": 181,
  "fields": {
    "name": "GENERAL PICO",
    "zip_code": "6360",
    "province": 11
  }
},
{
  "model": "projects.city",
  "pk": 182,
  "fields": {
    "name": "INTENDENTE ALVEAR",
    "zip_code": "6221",
    "province": 11
  }
},
{
  "model": "projects.city",
  "pk": 183,
  "fields": {
    "name": "LIMAY MAHUIDA",
    "zip_code": "8201",
    "province": 11
  }
},
{
  "model": "projects.city",
  "pk": 184,
  "fields": {
    "name": "MACACHIN",
    "zip_code": "6307",
    "province": 11
  }
},
{
  "model": "projects.city",
  "pk": 185,
  "fields": {
    "name": "PUELCHES",
    "zip_code": "8201",
    "province": 11
  }
},
{
  "model": "projects.city",
  "pk": 186,
  "fields": {
    "name": "PUELEN",
    "zip_code": "8307",
    "province": 11
  }
},
{
  "model": "projects.city",
  "pk": 187,
  "fields": {
    "name": "QUEMU QUEMU",
    "zip_code": "6333",
    "province": 11
  }
},
{
  "model": "projects.city",
  "pk": 188,
  "fields": {
    "name": "REALICO",
    "zip_code": "6200",
    "province": 11
  }
},
{
  "model": "projects.city",
  "pk": 189,
  "fields": {
    "name": "SANTA ROSA",
    "zip_code": "6300",
    "province": 11
  }
},
{
  "model": "projects.city",
  "pk": 190,
  "fields": {
    "name": "VICTORICA",
    "zip_code": "6319",
    "province": 11
  }
},
{
  "model": "projects.city",
  "pk": 191,
  "fields": {
    "name": "AIMOGASTA",
    "zip_code": "5310",
    "province": 12
  }
},
{
  "model": "projects.city",
  "pk": 192,
  "fields": {
    "name": "CEBOLLAR",
    "zip_code": "5300",
    "province": 12
  }
},
{
  "model": "projects.city",
  "pk": 193,
  "fields": {
    "name": "CHAMICAL",
    "zip_code": "5380",
    "province": 12
  }
},
{
  "model": "projects.city",
  "pk": 194,
  "fields": {
    "name": "CHEPES",
    "zip_code": "5470",
    "province": 12
  }
},
{
  "model": "projects.city",
  "pk": 195,
  "fields": {
    "name": "CHILECITO",
    "zip_code": "5360",
    "province": 12
  }
},
{
  "model": "projects.city",
  "pk": 196,
  "fields": {
    "name": "GUANDACOL",
    "zip_code": "5353",
    "province": 12
  }
},
{
  "model": "projects.city",
  "pk": 197,
  "fields": {
    "name": "LA RIOJA",
    "zip_code": "5300",
    "province": 12
  }
},
{
  "model": "projects.city",
  "pk": 198,
  "fields": {
    "name": "PATQUIA",
    "zip_code": "5386",
    "province": 12
  }
},
{
  "model": "projects.city",
  "pk": 199,
  "fields": {
    "name": "VILLA MAZAN",
    "zip_code": "5313",
    "province": 12
  }
},
{
  "model": "projects.city",
  "pk": 200,
  "fields": {
    "name": "VINCHINA",
    "zip_code": "5357",
    "province": 12
  }
},
{
  "model": "projects.city",
  "pk": 201,
  "fields": {
    "name": "BARDAS BLANCAS",
    "zip_code": "5611",
    "province": 13
  }
},
{
  "model": "projects.city",
  "pk": 202,
  "fields": {
    "name": "BOWEN",
    "zip_code": "5634",
    "province": 13
  }
},
{
  "model": "projects.city",
  "pk": 203,
  "fields": {
    "name": "CANALEJAS",
    "zip_code": "5636",
    "province": 13
  }
},
{
  "model": "projects.city",
  "pk": 204,
  "fields": {
    "name": "CARMENSA",
    "zip_code": "5621",
    "province": 13
  }
},
{
  "model": "projects.city",
  "pk": 205,
  "fields": {
    "name": "DULCE",
    "zip_code": "5590",
    "province": 13
  }
},
{
  "model": "projects.city",
  "pk": 206,
  "fields": {
    "name": "GODOY CRUZ",
    "zip_code": "5501",
    "province": 13
  }
},
{
  "model": "projects.city",
  "pk": 207,
  "fields": {
    "name": "GUADALES",
    "zip_code": "5609",
    "province": 13
  }
},
{
  "model": "projects.city",
  "pk": 208,
  "fields": {
    "name": "LAS HERAS",
    "zip_code": "5539",
    "province": 13
  }
},
{
  "model": "projects.city",
  "pk": 209,
  "fields": {
    "name": "MALARGUE",
    "zip_code": "5613",
    "province": 13
  }
},
{
  "model": "projects.city",
  "pk": 210,
  "fields": {
    "name": "MEDIA LUNA",
    "zip_code": "6279",
    "province": 13
  }
},
{
  "model": "projects.city",
  "pk": 211,
  "fields": {
    "name": "MENDOZA",
    "zip_code": "5500",
    "province": 13
  }
},
{
  "model": "projects.city",
  "pk": 212,
  "fields": {
    "name": "MONTE COMAN",
    "zip_code": "5609",
    "province": 13
  }
},
{
  "model": "projects.city",
  "pk": 213,
  "fields": {
    "name": "PALMIRA",
    "zip_code": "5584",
    "province": 13
  }
},
{
  "model": "projects.city",
  "pk": 214,
  "fields": {
    "name": "SAN CARLOS",
    "zip_code": "5569",
    "province": 13
  }
},
{
  "model": "projects.city",
  "pk": 215,
  "fields": {
    "name": "SAN MARTIN",
    "zip_code": "5570",
    "province": 13
  }
},
{
  "model": "projects.city",
  "pk": 216,
  "fields": {
    "name": "SAN RAFAEL",
    "zip_code": "5600",
    "province": 13
  }
},
{
  "model": "projects.city",
  "pk": 217,
  "fields": {
    "name": "TUNUYAN",
    "zip_code": "5560",
    "province": 13
  }
},
{
  "model": "projects.city",
  "pk": 218,
  "fields": {
    "name": "VILLAVICENCIO",
    "zip_code": "5539",
    "province": 13
  }
},
{
  "model": "projects.city",
  "pk": 219,
  "fields": {
    "name": "APOSTOLES",
    "zip_code": "3350",
    "province": 14
  }
},
{
  "model": "projects.city",
  "pk": 220,
  "fields": {
    "name": "BERNARDO DE IRIGOYEN",
    "zip_code": "3366",
    "province": 14
  }
},
{
  "model": "projects.city",
  "pk": 221,
  "fields": {
    "name": "CANDELARIA",
    "zip_code": "3308",
    "province": 14
  }
},
{
  "model": "projects.city",
  "pk": 222,
  "fields": {
    "name": "CORPUS",
    "zip_code": "3327",
    "province": 14
  }
},
{
  "model": "projects.city",
  "pk": 223,
  "fields": {
    "name": "DESEADO",
    "zip_code": "3384",
    "province": 14
  }
},
{
  "model": "projects.city",
  "pk": 224,
  "fields": {
    "name": "ELDORADO",
    "zip_code": "3380",
    "province": 14
  }
},
{
  "model": "projects.city",
  "pk": 225,
  "fields": {
    "name": "OBERA",
    "zip_code": "3360",
    "province": 14
  }
},
{
  "model": "projects.city",
  "pk": 226,
  "fields": {
    "name": "POSADAS",
    "zip_code": "3300",
    "province": 14
  }
},
{
  "model": "projects.city",
  "pk": 227,
  "fields": {
    "name": "SAN PEDRO",
    "zip_code": "3364",
    "province": 14
  }
},
{
  "model": "projects.city",
  "pk": 228,
  "fields": {
    "name": "ANDACOLLO",
    "zip_code": "8353",
    "province": 15
  }
},
{
  "model": "projects.city",
  "pk": 229,
  "fields": {
    "name": "CHOS MALAL",
    "zip_code": "8353",
    "province": 15
  }
},
{
  "model": "projects.city",
  "pk": 230,
  "fields": {
    "name": "CUTRAL CO",
    "zip_code": "8322",
    "province": 15
  }
},
{
  "model": "projects.city",
  "pk": 231,
  "fields": {
    "name": "JUNIN DE LOS ANDES",
    "zip_code": "8371",
    "province": 15
  }
},
{
  "model": "projects.city",
  "pk": 232,
  "fields": {
    "name": "LAS LAJAS",
    "zip_code": "8347",
    "province": 15
  }
},
{
  "model": "projects.city",
  "pk": 233,
  "fields": {
    "name": "NEUQUEN",
    "zip_code": "8300",
    "province": 15
  }
},
{
  "model": "projects.city",
  "pk": 234,
  "fields": {
    "name": "SAN MARTIN DE LOS ANDES",
    "zip_code": "8370",
    "province": 15
  }
},
{
  "model": "projects.city",
  "pk": 235,
  "fields": {
    "name": "ZAPALA",
    "zip_code": "8340",
    "province": 15
  }
},
{
  "model": "projects.city",
  "pk": 236,
  "fields": {
    "name": "ALLEN",
    "zip_code": "8328",
    "province": 16
  }
},
{
  "model": "projects.city",
  "pk": 237,
  "fields": {
    "name": "BARILOCHE",
    "zip_code": "8400",
    "province": 16
  }
},
{
  "model": "projects.city",
  "pk": 238,
  "fields": {
    "name": "CATRIEL",
    "zip_code": "8307",
    "province": 16
  }
},
{
  "model": "projects.city",
  "pk": 239,
  "fields": {
    "name": "CHELFORO",
    "zip_code": "8366",
    "province": 16
  }
},
{
  "model": "projects.city",
  "pk": 240,
  "fields": {
    "name": "CHOELE CHOEL",
    "zip_code": "8360",
    "province": 16
  }
},
{
  "model": "projects.city",
  "pk": 241,
  "fields": {
    "name": "CINCO SALTOS",
    "zip_code": "8303",
    "province": 16
  }
},
{
  "model": "projects.city",
  "pk": 242,
  "fields": {
    "name": "CIPOLLETTI",
    "zip_code": "8324",
    "province": 16
  }
},
{
  "model": "projects.city",
  "pk": 243,
  "fields": {
    "name": "COMALLO",
    "zip_code": "8416",
    "province": 16
  }
},
{
  "model": "projects.city",
  "pk": 244,
  "fields": {
    "name": "EL CUY",
    "zip_code": "8333",
    "province": 16
  }
},
{
  "model": "projects.city",
  "pk": 245,
  "fields": {
    "name": "GENERAL ROCA",
    "zip_code": "8332",
    "province": 16
  }
},
{
  "model": "projects.city",
  "pk": 246,
  "fields": {
    "name": "MAQUINCHAO",
    "zip_code": "8422",
    "province": 16
  }
},
{
  "model": "projects.city",
  "pk": 247,
  "fields": {
    "name": "RIO COLORADO",
    "zip_code": "8138",
    "province": 16
  }
},
{
  "model": "projects.city",
  "pk": 248,
  "fields": {
    "name": "SAN ANTONIO OESTE",
    "zip_code": "8520",
    "province": 16
  }
},
{
  "model": "projects.city",
  "pk": 249,
  "fields": {
    "name": "SIERRA COLORADA",
    "zip_code": "8534",
    "province": 16
  }
},
{
  "model": "projects.city",
  "pk": 250,
  "fields": {
    "name": "VALCHETA",
    "zip_code": "8536",
    "province": 16
  }
},
{
  "model": "projects.city",
  "pk": 251,
  "fields": {
    "name": "VIEDMA",
    "zip_code": "8500",
    "province": 16
  }
},
{
  "model": "projects.city",
  "pk": 252,
  "fields": {
    "name": "VILLA REGINA",
    "zip_code": "8336",
    "province": 16
  }
},
{
  "model": "projects.city",
  "pk": 253,
  "fields": {
    "name": "CACHI",
    "zip_code": "4417",
    "province": 17
  }
},
{
  "model": "projects.city",
  "pk": 254,
  "fields": {
    "name": "CAFAYATE",
    "zip_code": "4427",
    "province": 17
  }
},
{
  "model": "projects.city",
  "pk": 255,
  "fields": {
    "name": "COLORADO",
    "zip_code": "4633",
    "province": 17
  }
},
{
  "model": "projects.city",
  "pk": 256,
  "fields": {
    "name": "EMBARCACION",
    "zip_code": "4550",
    "province": 17
  }
},
{
  "model": "projects.city",
  "pk": 257,
  "fields": {
    "name": "GUACHIPAS",
    "zip_code": "4425",
    "province": 17
  }
},
{
  "model": "projects.city",
  "pk": 258,
  "fields": {
    "name": "ITUYURO",
    "zip_code": "4566",
    "province": 17
  }
},
{
  "model": "projects.city",
  "pk": 259,
  "fields": {
    "name": "LOS BLANCOS",
    "zip_code": "4554",
    "province": 17
  }
},
{
  "model": "projects.city",
  "pk": 260,
  "fields": {
    "name": "METAN",
    "zip_code": "4440",
    "province": 17
  }
},
{
  "model": "projects.city",
  "pk": 261,
  "fields": {
    "name": "MOLINOS",
    "zip_code": "4419",
    "province": 17
  }
},
{
  "model": "projects.city",
  "pk": 262,
  "fields": {
    "name": "ROSARIO DE LA FRONTERA",
    "zip_code": "4190",
    "province": 17
  }
},
{
  "model": "projects.city",
  "pk": 263,
  "fields": {
    "name": "ROSARIO DE LERMA",
    "zip_code": "4405",
    "province": 17
  }
},
{
  "model": "projects.city",
  "pk": 264,
  "fields": {
    "name": "SALTA",
    "zip_code": "4400",
    "province": 17
  }
},
{
  "model": "projects.city",
  "pk": 265,
  "fields": {
    "name": "BARREAL",
    "zip_code": "5405",
    "province": 18
  }
},
{
  "model": "projects.city",
  "pk": 266,
  "fields": {
    "name": "CALINGASTA",
    "zip_code": "5403",
    "province": 18
  }
},
{
  "model": "projects.city",
  "pk": 267,
  "fields": {
    "name": "MEDIA AGUA",
    "zip_code": "5435",
    "province": 18
  }
},
{
  "model": "projects.city",
  "pk": 268,
  "fields": {
    "name": "SAN JUAN",
    "zip_code": "5400",
    "province": 18
  }
},
{
  "model": "projects.city",
  "pk": 269,
  "fields": {
    "name": "VILLA COLON",
    "zip_code": "5442",
    "province": 18
  }
},
{
  "model": "projects.city",
  "pk": 270,
  "fields": {
    "name": "ARIZONA",
    "zip_code": "6389",
    "province": 19
  }
},
{
  "model": "projects.city",
  "pk": 271,
  "fields": {
    "name": "JUSTO DARACT",
    "zip_code": "5738",
    "province": 19
  }
},
{
  "model": "projects.city",
  "pk": 272,
  "fields": {
    "name": "QUINES",
    "zip_code": "5711",
    "province": 19
  }
},
{
  "model": "projects.city",
  "pk": 273,
  "fields": {
    "name": "SAN LUIS",
    "zip_code": "5700",
    "province": 19
  }
},
{
  "model": "projects.city",
  "pk": 274,
  "fields": {
    "name": "SANTA ROSA DE CONLARA",
    "zip_code": "5777",
    "province": 19
  }
},
{
  "model": "projects.city",
  "pk": 275,
  "fields": {
    "name": "BAHIA LAURA",
    "zip_code": "9310",
    "province": 20
  }
},
{
  "model": "projects.city",
  "pk": 276,
  "fields": {
    "name": "CABO BLANCO",
    "zip_code": "9051",
    "province": 20
  }
},
{
  "model": "projects.city",
  "pk": 277,
  "fields": {
    "name": "EL TURBIO",
    "zip_code": "9407",
    "province": 20
  }
},
{
  "model": "projects.city",
  "pk": 278,
  "fields": {
    "name": "FITZ ROY",
    "zip_code": "9019",
    "province": 20
  }
},
{
  "model": "projects.city",
  "pk": 279,
  "fields": {
    "name": "LAGO ARGENTINO",
    "zip_code": "9405",
    "province": 20
  }
},
{
  "model": "projects.city",
  "pk": 280,
  "fields": {
    "name": "PICO TRUNCADO",
    "zip_code": "9015",
    "province": 20
  }
},
{
  "model": "projects.city",
  "pk": 281,
  "fields": {
    "name": "PUERTO DESEADO",
    "zip_code": "9050",
    "province": 20
  }
},
{
  "model": "projects.city",
  "pk": 282,
  "fields": {
    "name": "PUERTO SAN JULIAN",
    "zip_code": "9310",
    "province": 20
  }
},
{
  "model": "projects.city",
  "pk": 283,
  "fields": {
    "name": "PUERTO SANTA CRUZ",
    "zip_code": "9300",
    "province": 20
  }
},
{
  "model": "projects.city",
  "pk": 284,
  "fields": {
    "name": "ACEBAL",
    "zip_code": "2109",
    "province": 21
  }
},
{
  "model": "projects.city",
  "pk": 285,
  "fields": {
    "name": "CA\u00d1ADA DE GOMEZ",
    "zip_code": "2500",
    "province": 21
  }
},
{
  "model": "projects.city",
  "pk": 286,
  "fields": {
    "name": "CASILDA",
    "zip_code": "2170",
    "province": 21
  }
},
{
  "model": "projects.city",
  "pk": 287,
  "fields": {
    "name": "CERES",
    "zip_code": "2340",
    "province": 21
  }
},
{
  "model": "projects.city",
  "pk": 288,
  "fields": {
    "name": "CORONDA",
    "zip_code": "2240",
    "province": 21
  }
},
{
  "model": "projects.city",
  "pk": 289,
  "fields": {
    "name": "ESPERANZA",
    "zip_code": "3080",
    "province": 21
  }
},
{
  "model": "projects.city",
  "pk": 290,
  "fields": {
    "name": "GALVEZ",
    "zip_code": "2252",
    "province": 21
  }
},
{
  "model": "projects.city",
  "pk": 291,
  "fields": {
    "name": "INTIYACO",
    "zip_code": "3551",
    "province": 21
  }
},
{
  "model": "projects.city",
  "pk": 292,
  "fields": {
    "name": "LAS ROSAS",
    "zip_code": "2520",
    "province": 21
  }
},
{
  "model": "projects.city",
  "pk": 293,
  "fields": {
    "name": "LAS TOSCAS",
    "zip_code": "3586",
    "province": 21
  }
},
{
  "model": "projects.city",
  "pk": 294,
  "fields": {
    "name": "RAFAELA",
    "zip_code": "2300",
    "province": 21
  }
},
{
  "model": "projects.city",
  "pk": 295,
  "fields": {
    "name": "ROSARIO",
    "zip_code": "2000",
    "province": 21
  }
},
{
  "model": "projects.city",
  "pk": 296,
  "fields": {
    "name": "RUFINO",
    "zip_code": "6100",
    "province": 21
  }
},
{
  "model": "projects.city",
  "pk": 297,
  "fields": {
    "name": "SAN JUSTO",
    "zip_code": "3040",
    "province": 21
  }
},
{
  "model": "projects.city",
  "pk": 298,
  "fields": {
    "name": "SAN LORENZO",
    "zip_code": "2200",
    "province": 21
  }
},
{
  "model": "projects.city",
  "pk": 299,
  "fields": {
    "name": "SANTA FE",
    "zip_code": "3000",
    "province": 21
  }
},
{
  "model": "projects.city",
  "pk": 300,
  "fields": {
    "name": "SANTA MARGARITA",
    "zip_code": "3061",
    "province": 21
  }
},
{
  "model": "projects.city",
  "pk": 301,
  "fields": {
    "name": "SANTA TERESA",
    "zip_code": "2111",
    "province": 21
  }
},
{
  "model": "projects.city",
  "pk": 302,
  "fields": {
    "name": "TOSTADO",
    "zip_code": "3060",
    "province": 21
  }
},
{
  "model": "projects.city",
  "pk": 303,
  "fields": {
    "name": "VENADO TUERTO",
    "zip_code": "2600",
    "province": 21
  }
},
{
  "model": "projects.city",
  "pk": 304,
  "fields": {
    "name": "VERA",
    "zip_code": "3550",
    "province": 21
  }
},
{
  "model": "projects.city",
  "pk": 305,
  "fields": {
    "name": "VILLA ANA",
    "zip_code": "3583",
    "province": 21
  }
},
{
  "model": "projects.city",
  "pk": 306,
  "fields": {
    "name": "VILLA GUILLERMINA",
    "zip_code": "3589",
    "province": 21
  }
},
{
  "model": "projects.city",
  "pk": 307,
  "fields": {
    "name": "BANDERA",
    "zip_code": "3064",
    "province": 22
  }
},
{
  "model": "projects.city",
  "pk": 308,
  "fields": {
    "name": "BUENOS AIRES",
    "zip_code": "4230",
    "province": 22
  }
},
{
  "model": "projects.city",
  "pk": 309,
  "fields": {
    "name": "CLODOMIRA",
    "zip_code": "4338",
    "province": 22
  }
},
{
  "model": "projects.city",
  "pk": 310,
  "fields": {
    "name": "COLONIA DORA",
    "zip_code": "4332",
    "province": 22
  }
},
{
  "model": "projects.city",
  "pk": 311,
  "fields": {
    "name": "FERNANDEZ",
    "zip_code": "4322",
    "province": 22
  }
},
{
  "model": "projects.city",
  "pk": 312,
  "fields": {
    "name": "FRIAS",
    "zip_code": "4230",
    "province": 22
  }
},
{
  "model": "projects.city",
  "pk": 313,
  "fields": {
    "name": "GALLEGOS",
    "zip_code": "4313",
    "province": 22
  }
},
{
  "model": "projects.city",
  "pk": 314,
  "fields": {
    "name": "LA BANDA",
    "zip_code": "4300",
    "province": 22
  }
},
{
  "model": "projects.city",
  "pk": 315,
  "fields": {
    "name": "LAVALLE",
    "zip_code": "4234",
    "province": 22
  }
},
{
  "model": "projects.city",
  "pk": 316,
  "fields": {
    "name": "MONTE QUEMADO",
    "zip_code": "3714",
    "province": 22
  }
},
{
  "model": "projects.city",
  "pk": 317,
  "fields": {
    "name": "QUIMILI",
    "zip_code": "3740",
    "province": 22
  }
},
{
  "model": "projects.city",
  "pk": 318,
  "fields": {
    "name": "SANTIAGO DEL ESTERO",
    "zip_code": "4200",
    "province": 22
  }
},
{
  "model": "projects.city",
  "pk": 319,
  "fields": {
    "name": "SELVA",
    "zip_code": "2354",
    "province": 22
  }
},
{
  "model": "projects.city",
  "pk": 320,
  "fields": {
    "name": "TERMAS DE RIO HONDO",
    "zip_code": "4220",
    "province": 22
  }
},
{
  "model": "projects.city",
  "pk": 321,
  "fields": {
    "name": "VILLA OJO DE AGUA",
    "zip_code": "5250",
    "province": 22
  }
},
{
  "model": "projects.city",
  "pk": 322,
  "fields": {
    "name": "AGUILARES",
    "zip_code": "4152",
    "province": 24
  }
},
{
  "model": "projects.city",
  "pk": 323,
  "fields": {
    "name": "BURRUYACU",
    "zip_code": "4119",
    "province": 24
  }
},
{
  "model": "projects.city",
  "pk": 324,
  "fields": {
    "name": "CONCEPCION",
    "zip_code": "4146",
    "province": 24
  }
},
{
  "model": "projects.city",
  "pk": 325,
  "fields": {
    "name": "INGENIO SANTA ANA",
    "zip_code": "4155",
    "province": 24
  }
},
{
  "model": "projects.city",
  "pk": 326,
  "fields": {
    "name": "LA COCHA",
    "zip_code": "4162",
    "province": 24
  }
},
{
  "model": "projects.city",
  "pk": 327,
  "fields": {
    "name": "LAS CEJAS",
    "zip_code": "4186",
    "province": 24
  }
},
{
  "model": "projects.city",
  "pk": 328,
  "fields": {
    "name": "MONTEROS",
    "zip_code": "4142",
    "province": 24
  }
},
{
  "model": "projects.city",
  "pk": 329,
  "fields": {
    "name": "SAN MIGUEL DE TUCUMAN",
    "zip_code": "4000",
    "province": 24
  }
},
{
  "model": "projects.city",
  "pk": 330,
  "fields": {
    "name": "TAFI VIEJO",
    "zip_code": "4103",
    "province": 24
  }
},
{
  "model": "projects.city",
  "pk": 331,
  "fields": {
    "name": "CABA",
    "zip_code": "1000",
    "province": 2
  }
},
{
  "model": "projects.city",
  "pk": 332,
  "fields": {
    "name": "VILLA L A ANGOSTURA",
    "zip_code": "8407",
    "province": 15
  }
},
{
  "model": "projects.city",
  "pk": 333,
  "fields": {
    "name": "MAINQUE",
    "zip_code": "8327",
    "province": 16
  }
},
{
  "model": "projects.city",
  "pk": 334,
  "fields": {
    "name": "INGENIERO HUERGO",
    "zip_code": "8334",
    "province": 16
  }
},
{
  "model": "projects.city",
  "pk": 335,
  "fields": {
    "name": "LOS MENUCOS",
    "zip_code": "8424",
    "province": 16
  }
},
{
  "model": "projects.city",
  "pk": 336,
  "fields": {
    "name": "MENCUE",
    "zip_code": "8333",
    "province": 16
  }
},
{
  "model": "projects.city",
  "pk": 337,
  "fields": {
    "name": "EL MAITEN",
    "zip_code": "9210",
    "province": 5
  }
},
{
  "model": "projects.city",
  "pk": 338,
  "fields": {
    "name": "INGENIERO JACOBACCI",
    "zip_code": "8418",
    "province": 16
  }
},
{
  "model": "projects.city",
  "pk": 339,
  "fields": {
    "name": "PLOTTIER",
    "zip_code": "8316",
    "province": 15
  }
},
{
  "model": "projects.city",
  "pk": 340,
  "fields": {
    "name": "CERVANTES",
    "zip_code": "8326",
    "province": 16
  }
},
{
  "model": "projects.city",
  "pk": 341,
  "fields": {
    "name": "CENTENARIO",
    "zip_code": "8309",
    "province": 15
  }
},
{
  "model": "projects.city",
  "pk": 342,
  "fields": {
    "name": "RINCON DE LOS SAUCES",
    "zip_code": "8319",
    "province": 15
  }
},
{
  "model": "projects.city",
  "pk": 343,
  "fields": {
    "name": "PLAZA HUINCUL",
    "zip_code": "8318",
    "province": 15
  }
},
{
  "model": "projects.city",
  "pk": 344,
  "fields": {
    "name": "RIO CUARTO",
    "zip_code": "5800",
    "province": 6
  }
},
{
  "model": "projects.city",
  "pk": 345,
  "fields": {
    "name": "LAMARQUE",
    "zip_code": "8363",
    "province": 16
  }
},
{
  "model": "projects.city",
  "pk": 346,
  "fields": {
    "name": "MARIANO MORENO",
    "zip_code": "8351",
    "province": 15
  }
},
{
  "model": "projects.city",
  "pk": 347,
  "fields": {
    "name": "FERNANDEZ ORO",
    "zip_code": "8324",
    "province": 16
  }
}
]
